"id_invoice","tanggal","id_customer","nama","id_distributor","id_cabang","cabang_sales","id_group","group","id_barang","nama_barang","brand_id","kode_lini","lini","kemasan","jumlah_barang","harga","mata_uang"
IN5978,"2025-05-22",CUST55670,APOTEK SINAR JAYA,TD,CAB09,Bekasi,Z32,Apotek,BRG0001,ACYCLOVIR DUS,BRND001,"206",OGB & PH,DUS,9,1170,IDR
IN5979,"2028-03-22",CUST55598,APOTEK MAJA,TA,CAB01,Kuningan,Z32,Apotek,BRG0009,AMBROXOL HC,BRND009,"207",VNS,BOTOL,18,5781,IDR
IN5980,"2023-01-22",CUST55432,APOTEK TAPAK,TA,CAB01,Aceh,Z32,Apotek,BRG0003,AMPICILLIN,BRND003,"210",MARCKS,BOTOL,20,10691,IDR
IN5981,"2028-01-22",CUST55443,APOTEK MERDEKA,EPM,CAB07,Bandung,Z32,Apotek,BRG0004,TRAMADOL KAPSUL 50 MG,BRND004,"201",VNS,KAPSUL,76,8701,IDR
IN5982,"2030-01-22",CUST55535,APOTEK SINAR JAYA,TD,CAB09,Bekasi,Z32,Apotek,BRG0006,KETOCONAZOLE TABLET 200 MG,BRND006,"205",OGB & PH,TABLET,5,2819,IDR
IN5983,"2021-04-22",CUST55622,KLINIK GM,EPM,CAB06,Jakarta,Z31,Klinik,BRG0003,AMPICILLIN,BRND003,"210",MARCKS,BOTOL,67,10691,IDR
IN5984,"2001-05-22",CUST55714,KLINIK SAHABAT,TD,CAB08,Tangerang,Z31,Klinik,BRG0005,KLORPROMAZINA TABLET SALUT SELAPUT 100 MG,BRND005,"203",SLCYL,TABLET,8,5648,IDR
IN5985,"2018-04-22",CUST55640,APOTEK SINAR JAYA,TD,CAB09,Bekasi,Z32,Apotek,BRG0001,ACYCLOVIR DUS,BRND001,"206",OGB & PH,DUS,22,1170,IDR
IN5986,"2015-02-22",CUST55557,APOTEK SINAR JAYA,TA,CAB01,Bekasi,Z32,Apotek,BRG0002,ALERGINE TABLET SALUT,BRND008,"203",MARCKS,DUS,9,3992,IDR
IN5987,"2019-04-22",CUST55659,KLINIK GM,EPM,CAB02,Jakarta,Z31,Klinik,BRG0010,PARACETAMOL,BRND010,"208",SLCYL,BOTOL,14,6940,IDR
IN5988,"2009-02-22",CUST55551,APOTEK SAHABAT,EPM,CAB10,Padang,Z32,Apotek,BRG0002,ALERGINE TABLET SALUT,BRND002,"203",ETIKAL,DUS,10,2338,IDR
IN5989,"2001-05-22",CUST55719,KLINIK GM,TA,CAB02,Jakarta,Z31,Klinik,BRG0010,PARACETAMOL,BRND010,"208",SLCYL,BOTOL,67,6940,IDR
IN5990,"2003-05-22",CUST55706,KLINIK SAHABAT,TA,CAB01,Tangerang,Z31,Klinik,BRG0001,ACYCLOVIR DUS,BRND007,"206",ETIKAL,DUS,10,4592,IDR
IN5991,"2023-01-22",CUST55414,KLINIK SAHABAT,TD,CAB08,Tangerang,Z31,Klinik,BRG0005,KLORPROMAZINA TABLET SALUT SELAPUT 100 MG,BRND005,"203",SLCYL,TABLET,24,5648,IDR
IN5992,"2016-06-22",CUST55707,APOTEK SINAR JAYA,EPM,CAB01,Bekasi,Z32,Apotek,BRG0002,ALERGINE TABLET SALUT,BRND008,"203",MARCKS,DUS,23,3992,IDR
IN5993,"2026-05-22",CUST55671,APOTEK SAHABAT,TD,CAB10,Padang,Z32,Apotek,BRG0002,ALERGINE TABLET SALUT,BRND002,"203",ETIKAL,DUS,1,2338,IDR
IN5994,"2001-02-22",CUST55411,APOTEK MAJA,TD,CAB05,Kuningan,Z32,Apotek,BRG0002,ALERGINE TABLET SALUT,BRND002,"203",ETIKAL,DUS,12,2338,IDR
IN5995,"2006-04-22",CUST55607,KLINIK GM,TD,CAB06,Jakarta,Z31,Klinik,BRG0008,TETRACYCLINE KAPSUL 250 MG,BRND008,"204",MARCKS,KAPSUL,14,3992,IDR
IN5996,"2025-05-22",CUST55656,APOTEK SAHABAT,EPM,CAB10,Padang,Z32,Apotek,BRG0007,ERGOTAMINE COFFEINE,BRND007,"206",ETIKAL,BOTOL,22,4592,IDR
IN5997,"2020-01-22",CUST55380,APOTEK TAPAK,TD,CAB01,Aceh,Z32,Apotek,BRG0001,ACYCLOVIR DUS,BRND001,"206",OGB & PH,DUS,1,1170,IDR
IN5998,"2009-04-22",CUST55610,APOTEK SINAR JAYA,TD,CAB09,Bekasi,Z32,Apotek,BRG0001,ACYCLOVIR DUS,BRND001,"206",OGB & PH,DUS,23,1170,IDR
IN5999,"2001-05-22",CUST55632,APOTEK SINAR JAYA,EPM,CAB01,Bekasi,Z32,Apotek,BRG0003,AMPICILLIN,BRND003,"210",MARCKS,BOTOL,5,10691,IDR
IN6000,"2016-06-22",CUST55717,APOTEK TAPAK,EPM,CAB01,Aceh,Z32,Apotek,BRG0008,TETRACYCLINE KAPSUL 250 MG,BRND008,"204",MARCKS,KAPSUL,7,3992,IDR
IN6001,"2002-04-22",CUST55603,APOTEK SAHABAT,TD,CAB02,Padang,Z32,Apotek,BRG0004,TRAMADOL KAPSUL 50 MG,BRND004,"201",VNS,KAPSUL,21,8701,IDR
IN6002,"2004-02-22",CUST55546,APOTEK MAJA,TD,CAB05,Kuningan,Z32,Apotek,BRG0007,ERGOTAMINE COFFEINE,BRND007,"206",ETIKAL,BOTOL,14,4592,IDR
IN6003,"2027-01-22",CUST55424,KLINIK DR. ANDRI,TD,CAB03,Lampung,Z31,Klinik,BRG0005,KLORPROMAZINA TABLET SALUT SELAPUT 100 MG,BRND005,"203",SLCYL,TABLET,9,5648,IDR
IN6004,"2001-05-22",CUST55729,KLINIK SAHABAT,TA,CAB08,Tangerang,Z31,Klinik,BRG0010,PARACETAMOL,BRND010,"208",SLCYL,BOTOL,5,6940,IDR
IN6005,"2001-02-22",CUST55447,APOTEK TAPAK,EPM,CAB01,Aceh,Z32,Apotek,BRG0008,TETRACYCLINE KAPSUL 250 MG,BRND008,"204",MARCKS,KAPSUL,12,3992,IDR
IN6006,"2012-02-22",CUST55554,KLINIK GM,TA,CAB02,Jakarta,Z31,Klinik,BRG0005,KLORPROMAZINA TABLET SALUT SELAPUT 100 MG,BRND005,"203",SLCYL,TABLET,5,5648,IDR
IN6007,"2002-05-22",CUST55715,APOTEK SINAR JAYA,TD,CAB09,Bekasi,Z32,Apotek,BRG0006,KETOCONAZOLE TABLET 200 MG,BRND006,"205",OGB & PH,TABLET,9,2819,IDR
IN6008,"2030-01-22",CUST55469,KLINIK DR. ANDRI,TA,CAB03,Lampung,Z31,Klinik,BRG0004,TRAMADOL KAPSUL 50 MG,BRND010,"201",SLCYL,KAPSUL,12,6940,IDR
IN6009,"2028-04-22",CUST55637,KLINIK GM,TD,CAB06,Jakarta,Z31,Klinik,BRG0008,TETRACYCLINE KAPSUL 250 MG,BRND008,"204",MARCKS,KAPSUL,76,3992,IDR
IN6010,"2031-05-22",CUST55676,KLINIK SAHABAT,EPM,CAB01,Tangerang,Z31,Klinik,BRG0001,ACYCLOVIR DUS,BRND007,"206",ETIKAL,DUS,5,4592,IDR
IN6011,"2025-02-22",CUST55567,APOTEK TAPAK,TA,CAB01,Aceh,Z32,Apotek,BRG0008,TETRACYCLINE KAPSUL 250 MG,BRND008,"204",MARCKS,KAPSUL,10,3992,IDR
IN6012,"2016-06-22",CUST55712,KLINIK GM,TA,CAB06,Jakarta,Z31,Klinik,BRG0003,AMPICILLIN,BRND003,"210",MARCKS,BOTOL,5,10691,IDR
IN6013,"2028-01-22",CUST55407,APOTEK SINAR JAYA,TD,CAB01,Bekasi,Z32,Apotek,BRG0002,ALERGINE TABLET SALUT,BRND008,"203",MARCKS,DUS,25,3992,IDR
IN6014,"2021-03-22",CUST55591,APOTEK MAJA,TA,CAB05,Kuningan,Z32,Apotek,BRG0002,ALERGINE TABLET SALUT,BRND002,"203",ETIKAL,DUS,34,2338,IDR
IN6015,"2031-01-22",CUST55482,APOTEK SINAR JAYA,TD,CAB01,Bekasi,Z32,Apotek,BRG0003,AMPICILLIN,BRND003,"210",MARCKS,BOTOL,5,10691,IDR
IN6016,"2009-03-22",CUST55579,KLINIK SAHABAT,TD,CAB08,Tangerang,Z31,Klinik,BRG0010,PARACETAMOL,BRND010,"208",SLCYL,BOTOL,5,6940,IDR
IN6017,"2001-02-22",CUST55513,APOTEK SAHABAT,TA,CAB02,Padang,Z32,Apotek,BRG0004,TRAMADOL KAPSUL 50 MG,BRND004,"201",VNS,KAPSUL,23,8701,IDR
IN6018,"2001-04-22",CUST55602,APOTEK SINAR JAYA,EPM,CAB01,Bekasi,Z32,Apotek,BRG0003,AMPICILLIN,BRND003,"210",MARCKS,BOTOL,14,10691,IDR
IN6019,"2020-04-22",CUST55663,APOTEK SAHABAT,EPM,CAB02,Padang,Z32,Apotek,BRG0004,TRAMADOL KAPSUL 50 MG,BRND004,"201",VNS,KAPSUL,12,8701,IDR
IN6020,"2011-03-22",CUST55581,APOTEK SAHABAT,TA,CAB10,Padang,Z32,Apotek,BRG0002,ALERGINE TABLET SALUT,BRND002,"203",ETIKAL,DUS,1,2338,IDR
IN6021,"2019-04-22",CUST55620,APOTEK TAPAK,TD,CAB04,Aceh,Z32,Apotek,BRG0001,ACYCLOVIR DUS,BRND001,"206",OGB & PH,DUS,7,1170,IDR
IN6022,"2023-05-22",CUST55654,KLINIK SAHABAT,TD,CAB08,Tangerang,Z31,Klinik,BRG0005,KLORPROMAZINA TABLET SALUT SELAPUT 100 MG,BRND005,"203",SLCYL,TABLET,9,5648,IDR
IN6023,"2001-02-22",CUST55399,KLINIK SAHABAT,EPM,CAB08,Tangerang,Z31,Klinik,BRG0010,PARACETAMOL,BRND010,"208",SLCYL,BOTOL,15,6940,IDR
IN6024,"2027-01-22",CUST55394,KLINIK DR. ANDRI,TD,CAB03,Lampung,Z31,Klinik,BRG0005,KLORPROMAZINA TABLET SALUT SELAPUT 100 MG,BRND005,"203",SLCYL,TABLET,12,5648,IDR
IN6025,"2030-01-22",CUST55523,APOTEK MAJA,TA,CAB01,Kuningan,Z32,Apotek,BRG0004,TRAMADOL KAPSUL 50 MG,BRND004,"201",VNS,KAPSUL,7,8701,IDR
IN6026,"2016-02-22",CUST55558,APOTEK SAHABAT,EPM,CAB02,Padang,Z32,Apotek,BRG0003,AMPICILLIN,BRND009,"210",VNS,BOTOL,21,5781,IDR
IN6027,"2011-04-22",CUST55612,APOTEK TAPAK,EPM,CAB01,Aceh,Z32,Apotek,BRG0003,AMPICILLIN,BRND003,"210",MARCKS,BOTOL,10,10691,IDR
IN6028,"2023-01-22",CUST55420,APOTEK MERDEKA,EPM,CAB03,Bandung,Z32,Apotek,BRG0001,ACYCLOVIR DUS,BRND001,"206",OGB & PH,DUS,98,1170,IDR
IN6029,"2028-01-22",CUST55389,KLINIK GM,EPM,CAB09,Jakarta,Z31,Klinik,BRG0010,PARACETAMOL,BRND010,"208",SLCYL,BOTOL,4,6940,IDR
IN6030,"2001-05-22",CUST55709,KLINIK DR. ANDRI,TA,CAB03,Lampung,Z31,Klinik,BRG0004,TRAMADOL KAPSUL 50 MG,BRND010,"201",SLCYL,KAPSUL,10,6940,IDR
IN6031,"2015-04-22",CUST55616,KLINIK SAHABAT,TD,CAB01,Tangerang,Z31,Klinik,BRG0001,ACYCLOVIR DUS,BRND007,"206",ETIKAL,DUS,4,4592,IDR
IN6032,"2003-06-22",CUST55679,KLINIK DR. ANDRI,TA,CAB03,Lampung,Z31,Klinik,BRG0004,TRAMADOL KAPSUL 50 MG,BRND010,"201",SLCYL,KAPSUL,23,6940,IDR
IN6033,"2012-06-22",CUST55688,APOTEK MAJA,TD,CAB01,Kuningan,Z32,Apotek,BRG0009,AMBROXOL HC,BRND009,"207",VNS,BOTOL,34,5781,IDR
IN6034,"2020-02-22",CUST55562,KLINIK GM,TD,CAB06,Jakarta,Z31,Klinik,BRG0003,AMPICILLIN,BRND003,"210",MARCKS,BOTOL,14,10691,IDR
IN6035,"2025-04-22",CUST55626,APOTEK SAHABAT,EPM,CAB10,Padang,Z32,Apotek,BRG0007,ERGOTAMINE COFFEINE,BRND007,"206",ETIKAL,BOTOL,20,4592,IDR
IN6036,"2027-01-22",CUST55388,APOTEK MAJA,TA,CAB08,Kuningan,Z32,Apotek,BRG0009,AMBROXOL HC,BRND009,"207",VNS,BOTOL,23,5781,IDR
IN6037,"2003-05-22",CUST55721,KLINIK SAHABAT,TD,CAB01,Tangerang,Z31,Klinik,BRG0002,ALERGINE TABLET SALUT,BRND002,"203",ETIKAL,DUS,45,2338,IDR
IN6038,"2030-01-22",CUST55517,KLINIK GM,TA,CAB06,Jakarta,Z31,Klinik,BRG0008,TETRACYCLINE KAPSUL 250 MG,BRND008,"204",MARCKS,KAPSUL,98,3992,IDR
IN6039,"2023-01-22",CUST55480,APOTEK MERDEKA,EPM,CAB03,Bandung,Z32,Apotek,BRG0001,ACYCLOVIR DUS,BRND001,"206",OGB & PH,DUS,13,1170,IDR
IN6040,"2031-01-22",CUST55470,APOTEK TAPAK,EPM,CAB04,Aceh,Z32,Apotek,BRG0001,ACYCLOVIR DUS,BRND001,"206",OGB & PH,DUS,10,1170,IDR
IN6041,"2028-02-22",CUST55570,APOTEK MERDEKA,TD,CAB03,Bandung,Z32,Apotek,BRG0001,ACYCLOVIR DUS,BRND001,"206",OGB & PH,DUS,5,1170,IDR
IN6042,"2031-01-22",CUST55428,APOTEK MERDEKA,TD,CAB07,Bandung,Z32,Apotek,BRG0009,AMBROXOL HC,BRND009,"207",VNS,BOTOL,67,5781,IDR
IN6043,"2010-03-22",CUST55580,APOTEK SINAR JAYA,TD,CAB09,Bekasi,Z32,Apotek,BRG0001,ACYCLOVIR DUS,BRND001,"206",OGB & PH,DUS,9,1170,IDR
IN6044,"2001-05-22",CUST55694,KLINIK DR. ANDRI,TD,CAB03,Lampung,Z31,Klinik,BRG0005,KLORPROMAZINA TABLET SALUT SELAPUT 100 MG,BRND005,"203",SLCYL,TABLET,18,5648,IDR
IN6045,"2031-01-22",CUST55506,APOTEK SAHABAT,TA,CAB10,Padang,Z32,Apotek,BRG0007,ERGOTAMINE COFFEINE,BRND007,"206",ETIKAL,BOTOL,21,4592,IDR
IN6046,"2015-06-22",CUST55691,KLINIK SAHABAT,TD,CAB01,Tangerang,Z31,Klinik,BRG0002,ALERGINE TABLET SALUT,BRND002,"203",ETIKAL,DUS,12,2338,IDR
IN6047,"2026-04-22",CUST55635,APOTEK TAPAK,TA,CAB04,Aceh,Z32,Apotek,BRG0006,KETOCONAZOLE TABLET 200 MG,BRND006,"205",OGB & PH,TABLET,12,2819,IDR
IN6048,"2031-01-22",CUST55464,KLINIK GM,EPM,CAB02,Jakarta,Z31,Klinik,BRG0005,KLORPROMAZINA TABLET SALUT SELAPUT 100 MG,BRND005,"203",SLCYL,TABLET,25,5648,IDR
IN6049,"2028-01-22",CUST55479,KLINIK GM,TA,CAB02,Jakarta,Z31,Klinik,BRG0010,PARACETAMOL,BRND010,"208",SLCYL,BOTOL,9,6940,IDR
IN6050,"2031-01-22",CUST55434,KLINIK GM,TD,CAB02,Jakarta,Z31,Klinik,BRG0005,KLORPROMAZINA TABLET SALUT SELAPUT 100 MG,BRND005,"203",SLCYL,TABLET,34,5648,IDR
IN6051,"2023-03-22",CUST55593,APOTEK MERDEKA,TD,CAB07,Bandung,Z32,Apotek,BRG0004,TRAMADOL KAPSUL 50 MG,BRND004,"201",VNS,KAPSUL,15,8701,IDR
IN6052,"2023-01-22",CUST55385,APOTEK SINAR JAYA,TA,CAB05,Bekasi,Z32,Apotek,BRG0006,KETOCONAZOLE TABLET 200 MG,BRND006,"205",OGB & PH,TABLET,5,2819,IDR
IN6053,"2028-01-22",CUST55437,APOTEK SINAR JAYA,EPM,CAB01,Bekasi,Z32,Apotek,BRG0002,ALERGINE TABLET SALUT,BRND008,"203",MARCKS,DUS,44,3992,IDR
IN6054,"2001-02-22",CUST55435,APOTEK MERDEKA,TD,CAB03,Bandung,Z32,Apotek,BRG0006,KETOCONAZOLE TABLET 200 MG,BRND006,"205",OGB & PH,TABLET,34,2819,IDR
IN6055,"2013-03-22",CUST55583,APOTEK MAJA,TD,CAB01,Kuningan,Z32,Apotek,BRG0004,TRAMADOL KAPSUL 50 MG,BRND004,"201",VNS,KAPSUL,4,8701,IDR
IN6056,"2020-04-22",CUST55621,APOTEK MAJA,TA,CAB05,Kuningan,Z32,Apotek,BRG0002,ALERGINE TABLET SALUT,BRND002,"203",ETIKAL,DUS,100,2338,IDR
IN6057,"2017-05-22",CUST55648,APOTEK SAHABAT,TA,CAB02,Padang,Z32,Apotek,BRG0003,AMPICILLIN,BRND009,"210",VNS,BOTOL,10,5781,IDR
IN6058,"2027-01-22",CUST55532,KLINIK GM,TD,CAB06,Jakarta,Z31,Klinik,BRG0003,AMPICILLIN,BRND003,"210",MARCKS,BOTOL,34,10691,IDR
IN6059,"2007-06-22",CUST55683,APOTEK MERDEKA,EPM,CAB07,Bandung,Z32,Apotek,BRG0004,TRAMADOL KAPSUL 50 MG,BRND004,"201",VNS,KAPSUL,11,8701,IDR
IN6060,"2001-02-22",CUST55543,APOTEK SAHABAT,TD,CAB02,Padang,Z32,Apotek,BRG0004,TRAMADOL KAPSUL 50 MG,BRND004,"201",VNS,KAPSUL,22,8701,IDR
IN6061,"2024-02-22",CUST55566,APOTEK SAHABAT,TD,CAB10,Padang,Z32,Apotek,BRG0007,ERGOTAMINE COFFEINE,BRND007,"206",ETIKAL,BOTOL,12,4592,IDR
IN6062,"2027-01-22",CUST55490,APOTEK SINAR JAYA,TA,CAB09,Bekasi,Z32,Apotek,BRG0001,ACYCLOVIR DUS,BRND001,"206",OGB & PH,DUS,12,1170,IDR
IN6063,"2001-02-22",CUST55417,APOTEK TAPAK,TD,CAB01,Aceh,Z32,Apotek,BRG0008,TETRACYCLINE KAPSUL 250 MG,BRND008,"204",MARCKS,KAPSUL,12,3992,IDR
IN6064,"2028-01-22",CUST55515,APOTEK TAPAK,TD,CAB04,Aceh,Z32,Apotek,BRG0006,KETOCONAZOLE TABLET 200 MG,BRND006,"205",OGB & PH,TABLET,10,2819,IDR
IN6065,"2023-01-22",CUST55474,KLINIK SAHABAT,EPM,CAB08,Tangerang,Z31,Klinik,BRG0005,KLORPROMAZINA TABLET SALUT SELAPUT 100 MG,BRND005,"203",SLCYL,TABLET,4,5648,IDR
IN6066,"2027-01-22",CUST55538,APOTEK MAJA,EPM,CAB01,Kuningan,Z32,Apotek,BRG0009,AMBROXOL HC,BRND009,"207",VNS,BOTOL,12,5781,IDR
IN6067,"2001-05-22",CUST55704,KLINIK GM,TD,CAB02,Jakarta,Z31,Klinik,BRG0005,KLORPROMAZINA TABLET SALUT SELAPUT 100 MG,BRND005,"203",SLCYL,TABLET,14,5648,IDR
IN6068,"2031-01-22",CUST55536,APOTEK SAHABAT,TD,CAB10,Padang,Z32,Apotek,BRG0007,ERGOTAMINE COFFEINE,BRND007,"206",ETIKAL,BOTOL,6,4592,IDR
IN6069,"2001-03-22",CUST55571,KLINIK SAHABAT,TA,CAB01,Tangerang,Z31,Klinik,BRG0002,ALERGINE TABLET SALUT,BRND002,"203",ETIKAL,DUS,4,2338,IDR
IN6070,"2028-01-22",CUST55485,APOTEK TAPAK,TD,CAB04,Aceh,Z32,Apotek,BRG0006,KETOCONAZOLE TABLET 200 MG,BRND006,"205",OGB & PH,TABLET,23,2819,IDR
IN6071,"2027-04-22",CUST55636,APOTEK MAJA,EPM,CAB05,Kuningan,Z32,Apotek,BRG0007,ERGOTAMINE COFFEINE,BRND007,"206",ETIKAL,BOTOL,95,4592,IDR
IN6072,"2001-02-22",CUST55477,APOTEK TAPAK,EPM,CAB01,Aceh,Z32,Apotek,BRG0008,TETRACYCLINE KAPSUL 250 MG,BRND008,"204",MARCKS,KAPSUL,1,3992,IDR
IN6073,"2027-04-22",CUST55628,APOTEK MAJA,TA,CAB01,Kuningan,Z32,Apotek,BRG0009,AMBROXOL HC,BRND009,"207",VNS,BOTOL,34,5781,IDR
IN6074,"2027-01-22",CUST55472,KLINIK GM,TD,CAB06,Jakarta,Z31,Klinik,BRG0003,AMPICILLIN,BRND003,"210",MARCKS,BOTOL,98,10691,IDR
IN6075,"2016-04-22",CUST55638,APOTEK MERDEKA,TA,CAB07,Bandung,Z32,Apotek,BRG0009,AMBROXOL HC,BRND009,"207",VNS,BOTOL,48,5781,IDR
IN6076,"2024-03-22",CUST55594,KLINIK SAHABAT,TA,CAB08,Tangerang,Z31,Klinik,BRG0005,KLORPROMAZINA TABLET SALUT SELAPUT 100 MG,BRND005,"203",SLCYL,TABLET,12,5648,IDR
IN6077,"2016-05-22",CUST55647,APOTEK SINAR JAYA,TD,CAB01,Bekasi,Z32,Apotek,BRG0002,ALERGINE TABLET SALUT,BRND008,"203",MARCKS,DUS,12,3992,IDR
IN6078,"2030-03-22",CUST55600,APOTEK MERDEKA,TD,CAB03,Bandung,Z32,Apotek,BRG0001,ACYCLOVIR DUS,BRND001,"206",OGB & PH,DUS,12,1170,IDR
IN6079,"2031-01-22",CUST55494,KLINIK GM,EPM,CAB02,Jakarta,Z31,Klinik,BRG0005,KLORPROMAZINA TABLET SALUT SELAPUT 100 MG,BRND005,"203",SLCYL,TABLET,34,5648,IDR
IN6080,"2026-03-22",CUST55596,APOTEK SAHABAT,TD,CAB10,Padang,Z32,Apotek,BRG0007,ERGOTAMINE COFFEINE,BRND007,"206",ETIKAL,BOTOL,14,4592,IDR
IN6081,"2019-03-22",CUST55589,KLINIK DR. ANDRI,TD,CAB03,Lampung,Z31,Klinik,BRG0004,TRAMADOL KAPSUL 50 MG,BRND010,"201",SLCYL,KAPSUL,25,6940,IDR
IN6082,"2016-04-22",CUST55617,APOTEK SINAR JAYA,TD,CAB01,Bekasi,Z32,Apotek,BRG0002,ALERGINE TABLET SALUT,BRND008,"203",MARCKS,DUS,8,3992,IDR
IN6083,"2030-01-22",CUST55487,KLINIK GM,EPM,CAB06,Jakarta,Z31,Klinik,BRG0008,TETRACYCLINE KAPSUL 250 MG,BRND008,"204",MARCKS,KAPSUL,2,3992,IDR
IN6084,"2001-02-22",CUST55471,APOTEK MAJA,TD,CAB05,Kuningan,Z32,Apotek,BRG0002,ALERGINE TABLET SALUT,BRND002,"203",ETIKAL,DUS,67,2338,IDR
IN6085,"2031-03-22",CUST55601,KLINIK SAHABAT,TA,CAB01,Tangerang,Z31,Klinik,BRG0002,ALERGINE TABLET SALUT,BRND002,"203",ETIKAL,DUS,25,2338,IDR
IN6086,"2023-01-22",CUST55408,APOTEK SAHABAT,TD,CAB02,Padang,Z32,Apotek,BRG0003,AMPICILLIN,BRND009,"210",VNS,BOTOL,14,5781,IDR
IN6087,"2018-02-22",CUST55560,APOTEK TAPAK,TA,CAB04,Aceh,Z32,Apotek,BRG0001,ACYCLOVIR DUS,BRND001,"206",OGB & PH,DUS,12,1170,IDR
IN6088,"2006-02-22",CUST55548,APOTEK MERDEKA,EPM,CAB07,Bandung,Z32,Apotek,BRG0009,AMBROXOL HC,BRND009,"207",VNS,BOTOL,10,5781,IDR
IN6089,"2025-01-22",CUST55386,APOTEK SAHABAT,EPM,CAB06,Padang,Z32,Apotek,BRG0007,ERGOTAMINE COFFEINE,BRND007,"206",ETIKAL,BOTOL,9,4592,IDR
IN6090,"2024-05-22",CUST55655,APOTEK SINAR JAYA,TA,CAB09,Bekasi,Z32,Apotek,BRG0006,KETOCONAZOLE TABLET 200 MG,BRND006,"205",OGB & PH,TABLET,21,2819,IDR
IN6091,"2011-06-22",CUST55687,APOTEK TAPAK,TD,CAB01,Aceh,Z32,Apotek,BRG0008,TETRACYCLINE KAPSUL 250 MG,BRND008,"204",MARCKS,KAPSUL,14,3992,IDR
IN6092,"2014-03-22",CUST55584,KLINIK GM,TA,CAB02,Jakarta,Z31,Klinik,BRG0005,KLORPROMAZINA TABLET SALUT SELAPUT 100 MG,BRND005,"203",SLCYL,TABLET,2,5648,IDR
IN6093,"2029-05-22",CUST55674,KLINIK GM,TD,CAB02,Jakarta,Z31,Klinik,BRG0005,KLORPROMAZINA TABLET SALUT SELAPUT 100 MG,BRND005,"203",SLCYL,TABLET,13,5648,IDR
IN6094,"2002-05-22",CUST55710,APOTEK TAPAK,EPM,CAB04,Aceh,Z32,Apotek,BRG0001,ACYCLOVIR DUS,BRND001,"206",OGB & PH,DUS,67,1170,IDR
IN6095,"2027-01-22",CUST55478,APOTEK MAJA,TD,CAB01,Kuningan,Z32,Apotek,BRG0009,AMBROXOL HC,BRND009,"207",VNS,BOTOL,5,5781,IDR
IN6096,"2019-02-22",CUST55561,APOTEK MAJA,EPM,CAB05,Kuningan,Z32,Apotek,BRG0002,ALERGINE TABLET SALUT,BRND002,"203",ETIKAL,DUS,25,2338,IDR
IN6097,"2030-04-22",CUST55718,APOTEK MAJA,TD,CAB01,Kuningan,Z32,Apotek,BRG0009,AMBROXOL HC,BRND009,"207",VNS,BOTOL,100,5781,IDR
IN6098,"2029-03-22",CUST55599,KLINIK GM,EPM,CAB02,Jakarta,Z31,Klinik,BRG0010,PARACETAMOL,BRND010,"208",SLCYL,BOTOL,19,6940,IDR
IN6099,"2030-01-22",CUST55457,KLINIK GM,EPM,CAB06,Jakarta,Z31,Klinik,BRG0008,TETRACYCLINE KAPSUL 250 MG,BRND008,"204",MARCKS,KAPSUL,5,3992,IDR
IN6100,"2001-06-22",CUST55677,APOTEK SINAR JAYA,TD,CAB01,Bekasi,Z32,Apotek,BRG0002,ALERGINE TABLET SALUT,BRND008,"203",MARCKS,DUS,9,3992,IDR
IN6101,"2030-04-22",CUST55723,APOTEK SAHABAT,EPM,CAB02,Padang,Z32,Apotek,BRG0004,TRAMADOL KAPSUL 50 MG,BRND004,"201",VNS,KAPSUL,20,8701,IDR
IN6102,"2031-01-22",CUST55392,APOTEK SINAR JAYA,TA,CAB01,Bekasi,Z32,Apotek,BRG0003,AMPICILLIN,BRND003,"210",MARCKS,BOTOL,11,10691,IDR
IN6103,"2027-01-22",CUST55496,KLINIK SAHABAT,TA,CAB01,Tangerang,Z31,Klinik,BRG0001,ACYCLOVIR DUS,BRND007,"206",ETIKAL,DUS,15,4592,IDR
IN6104,"2030-01-22",CUST55433,APOTEK MAJA,EPM,CAB01,Kuningan,Z32,Apotek,BRG0004,TRAMADOL KAPSUL 50 MG,BRND004,"201",VNS,KAPSUL,45,8701,IDR
IN6105,"2002-05-22",CUST55700,APOTEK SINAR JAYA,EPM,CAB09,Bekasi,Z32,Apotek,BRG0001,ACYCLOVIR DUS,BRND001,"206",OGB & PH,DUS,21,1170,IDR
IN6106,"2030-04-22",CUST55713,APOTEK MERDEKA,EPM,CAB07,Bandung,Z32,Apotek,BRG0004,TRAMADOL KAPSUL 50 MG,BRND004,"201",VNS,KAPSUL,4,8701,IDR
IN6107,"2030-01-22",CUST55511,KLINIK SAHABAT,EPM,CAB01,Tangerang,Z31,Klinik,BRG0002,ALERGINE TABLET SALUT,BRND002,"203",ETIKAL,DUS,24,2338,IDR
IN6108,"2030-01-22",CUST55409,KLINIK DR. ANDRI,TA,CAB03,Lampung,Z31,Klinik,BRG0004,TRAMADOL KAPSUL 50 MG,BRND010,"201",SLCYL,KAPSUL,21,6940,IDR
IN6109,"2016-06-22",CUST55702,APOTEK TAPAK,TA,CAB01,Aceh,Z32,Apotek,BRG0003,AMPICILLIN,BRND003,"210",MARCKS,BOTOL,12,10691,IDR
IN6110,"2006-03-22",CUST55576,APOTEK MAJA,TD,CAB05,Kuningan,Z32,Apotek,BRG0007,ERGOTAMINE COFFEINE,BRND007,"206",ETIKAL,BOTOL,9,4592,IDR
IN6111,"2026-05-22",CUST55657,APOTEK TAPAK,TD,CAB01,Aceh,Z32,Apotek,BRG0008,TETRACYCLINE KAPSUL 250 MG,BRND008,"204",MARCKS,KAPSUL,12,3992,IDR
IN6112,"2003-05-22",CUST55726,APOTEK MAJA,TA,CAB05,Kuningan,Z32,Apotek,BRG0007,ERGOTAMINE COFFEINE,BRND007,"206",ETIKAL,BOTOL,34,4592,IDR
IN6113,"2027-01-22",CUST55400,APOTEK SINAR JAYA,TD,CAB09,Bekasi,Z32,Apotek,BRG0001,ACYCLOVIR DUS,BRND001,"206",OGB & PH,DUS,12,1170,IDR
IN6114,"2027-02-22",CUST55569,KLINIK GM,TD,CAB02,Jakarta,Z31,Klinik,BRG0010,PARACETAMOL,BRND010,"208",SLCYL,BOTOL,98,6940,IDR
IN6115,"2003-05-22",CUST55716,APOTEK SAHABAT,TA,CAB10,Padang,Z32,Apotek,BRG0007,ERGOTAMINE COFFEINE,BRND007,"206",ETIKAL,BOTOL,10,4592,IDR
IN6116,"2028-01-22",CUST55455,APOTEK TAPAK,TD,CAB04,Aceh,Z32,Apotek,BRG0006,KETOCONAZOLE TABLET 200 MG,BRND006,"205",OGB & PH,TABLET,67,2819,IDR
IN6117,"2022-05-22",CUST55667,KLINIK GM,TD,CAB06,Jakarta,Z31,Klinik,BRG0008,TETRACYCLINE KAPSUL 250 MG,BRND008,"204",MARCKS,KAPSUL,5,3992,IDR
IN6118,"2027-01-22",CUST55502,KLINIK GM,TD,CAB06,Jakarta,Z31,Klinik,BRG0003,AMPICILLIN,BRND003,"210",MARCKS,BOTOL,19,10691,IDR
IN6119,"2028-01-22",CUST55449,KLINIK GM,TA,CAB02,Jakarta,Z31,Klinik,BRG0010,PARACETAMOL,BRND010,"208",SLCYL,BOTOL,14,6940,IDR
IN6120,"2001-02-22",CUST55465,APOTEK MERDEKA,TD,CAB03,Bandung,Z32,Apotek,BRG0006,KETOCONAZOLE TABLET 200 MG,BRND006,"205",OGB & PH,TABLET,14,2819,IDR
IN6121,"2021-05-22",CUST55666,APOTEK MAJA,EPM,CAB05,Kuningan,Z32,Apotek,BRG0007,ERGOTAMINE COFFEINE,BRND007,"206",ETIKAL,BOTOL,98,4592,IDR
IN6122,"2030-01-22",CUST55445,APOTEK SINAR JAYA,TD,CAB09,Bekasi,Z32,Apotek,BRG0006,KETOCONAZOLE TABLET 200 MG,BRND006,"205",OGB & PH,TABLET,21,2819,IDR
IN6123,"2016-06-22",CUST55697,KLINIK GM,TD,CAB06,Jakarta,Z31,Klinik,BRG0008,TETRACYCLINE KAPSUL 250 MG,BRND008,"204",MARCKS,KAPSUL,12,3992,IDR
IN6124,"2027-01-22",CUST55442,KLINIK GM,TA,CAB06,Jakarta,Z31,Klinik,BRG0003,AMPICILLIN,BRND003,"210",MARCKS,BOTOL,95,10691,IDR
IN6125,"2023-01-22",CUST55402,APOTEK TAPAK,TA,CAB01,Aceh,Z32,Apotek,BRG0003,AMPICILLIN,BRND003,"210",MARCKS,BOTOL,14,10691,IDR
IN6126,"2023-04-22",CUST55624,KLINIK SAHABAT,TD,CAB08,Tangerang,Z31,Klinik,BRG0005,KLORPROMAZINA TABLET SALUT SELAPUT 100 MG,BRND005,"203",SLCYL,TABLET,45,5648,IDR
IN6127,"2024-04-22",CUST55625,APOTEK SINAR JAYA,TA,CAB09,Bekasi,Z32,Apotek,BRG0006,KETOCONAZOLE TABLET 200 MG,BRND006,"205",OGB & PH,TABLET,34,2819,IDR
IN6128,"2001-02-22",CUST55537,APOTEK TAPAK,TA,CAB01,Aceh,Z32,Apotek,BRG0008,TETRACYCLINE KAPSUL 250 MG,BRND008,"204",MARCKS,KAPSUL,79,3992,IDR
IN6129,"2014-02-22",CUST55556,KLINIK SAHABAT,TD,CAB01,Tangerang,Z31,Klinik,BRG0001,ACYCLOVIR DUS,BRND007,"206",ETIKAL,DUS,8,4592,IDR
IN6130,"2031-01-22",CUST55518,APOTEK MERDEKA,EPM,CAB07,Bandung,Z32,Apotek,BRG0009,AMBROXOL HC,BRND009,"207",VNS,BOTOL,5,5781,IDR
IN6131,"2027-01-22",CUST55418,APOTEK MAJA,TD,CAB01,Kuningan,Z32,Apotek,BRG0009,AMBROXOL HC,BRND009,"207",VNS,BOTOL,10,5781,IDR
IN6132,"2030-04-22",CUST55708,APOTEK SAHABAT,TD,CAB02,Padang,Z32,Apotek,BRG0003,AMPICILLIN,BRND009,"210",VNS,BOTOL,12,5781,IDR
IN6133,"2001-02-22",CUST55429,KLINIK SAHABAT,TA,CAB08,Tangerang,Z31,Klinik,BRG0010,PARACETAMOL,BRND010,"208",SLCYL,BOTOL,78,6940,IDR
IN6134,"2001-02-22",CUST55441,APOTEK MAJA,TD,CAB05,Kuningan,Z32,Apotek,BRG0002,ALERGINE TABLET SALUT,BRND002,"203",ETIKAL,DUS,12,2338,IDR
IN6135,"2008-02-22",CUST55550,APOTEK SINAR JAYA,TA,CAB09,Bekasi,Z32,Apotek,BRG0001,ACYCLOVIR DUS,BRND001,"206",OGB & PH,DUS,12,1170,IDR
IN6136,"2027-01-22",CUST55526,KLINIK SAHABAT,TD,CAB01,Tangerang,Z31,Klinik,BRG0001,ACYCLOVIR DUS,BRND007,"206",ETIKAL,DUS,78,4592,IDR
IN6137,"2003-03-22",CUST55573,APOTEK SAHABAT,TD,CAB02,Padang,Z32,Apotek,BRG0004,TRAMADOL KAPSUL 50 MG,BRND004,"201",VNS,KAPSUL,9,8701,IDR
IN6138,"2018-04-22",CUST55661,KLINIK SAHABAT,TD,CAB01,Tangerang,Z31,Klinik,BRG0002,ALERGINE TABLET SALUT,BRND002,"203",ETIKAL,DUS,10,2338,IDR
IN6139,"2022-04-22",CUST55623,APOTEK MERDEKA,TD,CAB07,Bandung,Z32,Apotek,BRG0004,TRAMADOL KAPSUL 50 MG,BRND004,"201",VNS,KAPSUL,78,8701,IDR
IN6140,"2025-03-22",CUST55595,APOTEK SINAR JAYA,EPM,CAB09,Bekasi,Z32,Apotek,BRG0006,KETOCONAZOLE TABLET 200 MG,BRND006,"205",OGB & PH,TABLET,25,2819,IDR
IN6141,"2028-01-22",CUST55401,APOTEK SAHABAT,TD,CAB10,Padang,Z32,Apotek,BRG0002,ALERGINE TABLET SALUT,BRND002,"203",ETIKAL,DUS,25,2338,IDR
IN6142,"2001-05-22",CUST55724,KLINIK DR. ANDRI,TD,CAB03,Lampung,Z31,Klinik,BRG0005,KLORPROMAZINA TABLET SALUT SELAPUT 100 MG,BRND005,"203",SLCYL,TABLET,45,5648,IDR
IN6143,"2002-05-22",CUST55705,APOTEK MERDEKA,TD,CAB03,Bandung,Z32,Apotek,BRG0006,KETOCONAZOLE TABLET 200 MG,BRND006,"205",OGB & PH,TABLET,24,2819,IDR
IN6144,"2022-01-22",CUST55383,APOTEK MERDEKA,EPM,CAB03,Bandung,Z32,Apotek,BRG0004,TRAMADOL KAPSUL 50 MG,BRND004,"201",VNS,KAPSUL,13,8701,IDR
IN6145,"2020-04-22",CUST55642,APOTEK TAPAK,EPM,CAB01,Aceh,Z32,Apotek,BRG0003,AMPICILLIN,BRND003,"210",MARCKS,BOTOL,25,10691,IDR
IN6146,"2027-01-22",CUST55412,KLINIK GM,TA,CAB06,Jakarta,Z31,Klinik,BRG0003,AMPICILLIN,BRND003,"210",MARCKS,BOTOL,25,10691,IDR
IN6147,"2013-02-22",CUST55555,APOTEK MERDEKA,EPM,CAB03,Bandung,Z32,Apotek,BRG0006,KETOCONAZOLE TABLET 200 MG,BRND006,"205",OGB & PH,TABLET,4,2819,IDR
IN6148,"2031-01-22",CUST55476,APOTEK SAHABAT,TA,CAB10,Padang,Z32,Apotek,BRG0007,ERGOTAMINE COFFEINE,BRND007,"206",ETIKAL,BOTOL,9,4592,IDR
IN6149,"2020-03-22",CUST55590,APOTEK TAPAK,TD,CAB04,Aceh,Z32,Apotek,BRG0001,ACYCLOVIR DUS,BRND001,"206",OGB & PH,DUS,14,1170,IDR
IN6150,"2020-05-22",CUST55651,APOTEK MAJA,TD,CAB05,Kuningan,Z32,Apotek,BRG0002,ALERGINE TABLET SALUT,BRND002,"203",ETIKAL,DUS,5,2338,IDR
IN6151,"2002-05-22",CUST55720,APOTEK MERDEKA,EPM,CAB03,Bandung,Z32,Apotek,BRG0001,ACYCLOVIR DUS,BRND001,"206",OGB & PH,DUS,78,1170,IDR
IN6152,"2031-01-22",CUST55512,APOTEK SINAR JAYA,TD,CAB01,Bekasi,Z32,Apotek,BRG0003,AMPICILLIN,BRND003,"210",MARCKS,BOTOL,10,10691,IDR
IN6153,"2027-03-22",CUST55597,APOTEK TAPAK,TD,CAB01,Aceh,Z32,Apotek,BRG0008,TETRACYCLINE KAPSUL 250 MG,BRND008,"204",MARCKS,KAPSUL,18,3992,IDR
IN6154,"2019-04-22",CUST55641,APOTEK SAHABAT,TA,CAB10,Padang,Z32,Apotek,BRG0002,ALERGINE TABLET SALUT,BRND002,"203",ETIKAL,DUS,12,2338,IDR
IN6155,"2021-01-22",CUST55382,KLINIK GM,TA,CAB02,Jakarta,Z31,Klinik,BRG0003,AMPICILLIN,BRND003,"210",MARCKS,BOTOL,9,10691,IDR
IN6156,"2007-04-22",CUST55608,APOTEK MERDEKA,TA,CAB07,Bandung,Z32,Apotek,BRG0009,AMBROXOL HC,BRND009,"207",VNS,BOTOL,24,5781,IDR
IN6157,"2012-04-22",CUST55613,APOTEK MAJA,TD,CAB01,Kuningan,Z32,Apotek,BRG0004,TRAMADOL KAPSUL 50 MG,BRND004,"201",VNS,KAPSUL,67,8701,IDR
IN6158,"2001-05-22",CUST55699,KLINIK SAHABAT,TA,CAB08,Tangerang,Z31,Klinik,BRG0010,PARACETAMOL,BRND010,"208",SLCYL,BOTOL,14,6940,IDR
IN6159,"2013-06-22",CUST55689,KLINIK GM,TA,CAB02,Jakarta,Z31,Klinik,BRG0010,PARACETAMOL,BRND010,"208",SLCYL,BOTOL,67,6940,IDR
IN6160,"2027-05-22",CUST55672,APOTEK TAPAK,TA,CAB01,Aceh,Z32,Apotek,BRG0003,AMPICILLIN,BRND003,"210",MARCKS,BOTOL,5,10691,IDR
IN6161,"2027-01-22",CUST55466,KLINIK SAHABAT,TA,CAB01,Tangerang,Z31,Klinik,BRG0001,ACYCLOVIR DUS,BRND007,"206",ETIKAL,DUS,24,4592,IDR
IN6162,"2028-01-22",CUST55503,APOTEK MERDEKA,TA,CAB07,Bandung,Z32,Apotek,BRG0004,TRAMADOL KAPSUL 50 MG,BRND004,"201",VNS,KAPSUL,12,8701,IDR
IN6163,"2030-01-22",CUST55421,KLINIK SAHABAT,TD,CAB01,Tangerang,Z31,Klinik,BRG0002,ALERGINE TABLET SALUT,BRND002,"203",ETIKAL,DUS,5,2338,IDR
IN6164,"2008-03-22",CUST55578,APOTEK MERDEKA,EPM,CAB07,Bandung,Z32,Apotek,BRG0009,AMBROXOL HC,BRND009,"207",VNS,BOTOL,1,5781,IDR
IN6165,"2016-06-22",CUST55722,APOTEK SINAR JAYA,TA,CAB01,Bekasi,Z32,Apotek,BRG0003,AMPICILLIN,BRND003,"210",MARCKS,BOTOL,34,10691,IDR
IN6166,"2030-05-22",CUST55675,APOTEK MERDEKA,TA,CAB03,Bandung,Z32,Apotek,BRG0006,KETOCONAZOLE TABLET 200 MG,BRND006,"205",OGB & PH,TABLET,1,2819,IDR
IN6167,"2028-01-22",CUST55491,APOTEK SAHABAT,EPM,CAB10,Padang,Z32,Apotek,BRG0002,ALERGINE TABLET SALUT,BRND002,"203",ETIKAL,DUS,12,2338,IDR
IN6168,"2013-05-22",CUST55644,KLINIK GM,TD,CAB02,Jakarta,Z31,Klinik,BRG0005,KLORPROMAZINA TABLET SALUT SELAPUT 100 MG,BRND005,"203",SLCYL,TABLET,24,5648,IDR
IN6169,"2020-05-22",CUST55665,APOTEK TAPAK,TA,CAB04,Aceh,Z32,Apotek,BRG0006,KETOCONAZOLE TABLET 200 MG,BRND006,"205",OGB & PH,TABLET,67,2819,IDR
IN6170,"2030-01-22",CUST55505,APOTEK SINAR JAYA,TD,CAB09,Bekasi,Z32,Apotek,BRG0006,KETOCONAZOLE TABLET 200 MG,BRND006,"205",OGB & PH,TABLET,14,2819,IDR
IN6171,"2003-02-22",CUST55545,APOTEK TAPAK,EPM,CAB04,Aceh,Z32,Apotek,BRG0006,KETOCONAZOLE TABLET 200 MG,BRND006,"205",OGB & PH,TABLET,25,2819,IDR
IN6172,"2028-01-22",CUST55497,APOTEK SINAR JAYA,EPM,CAB01,Bekasi,Z32,Apotek,BRG0002,ALERGINE TABLET SALUT,BRND008,"203",MARCKS,DUS,12,3992,IDR
IN6173,"2027-01-22",CUST55406,KLINIK SAHABAT,EPM,CAB01,Tangerang,Z31,Klinik,BRG0001,ACYCLOVIR DUS,BRND007,"206",ETIKAL,DUS,12,4592,IDR
IN6174,"2017-04-22",CUST55618,APOTEK SAHABAT,TA,CAB02,Padang,Z32,Apotek,BRG0003,AMPICILLIN,BRND009,"210",VNS,BOTOL,9,5781,IDR
IN6175,"2031-01-22",CUST55404,KLINIK GM,TD,CAB02,Jakarta,Z31,Klinik,BRG0005,KLORPROMAZINA TABLET SALUT SELAPUT 100 MG,BRND005,"203",SLCYL,TABLET,18,5648,IDR
IN6176,"2030-01-22",CUST55403,APOTEK MAJA,EPM,CAB01,Kuningan,Z32,Apotek,BRG0004,TRAMADOL KAPSUL 50 MG,BRND004,"201",VNS,KAPSUL,18,8701,IDR
IN6177,"2015-03-22",CUST55585,APOTEK MERDEKA,EPM,CAB03,Bandung,Z32,Apotek,BRG0006,KETOCONAZOLE TABLET 200 MG,BRND006,"205",OGB & PH,TABLET,17,2819,IDR
IN6178,"2002-05-22",CUST55695,APOTEK TAPAK,TA,CAB04,Aceh,Z32,Apotek,BRG0006,KETOCONAZOLE TABLET 200 MG,BRND006,"205",OGB & PH,TABLET,18,2819,IDR
IN6179,"2024-05-22",CUST55669,KLINIK SAHABAT,EPM,CAB08,Tangerang,Z31,Klinik,BRG0010,PARACETAMOL,BRND010,"208",SLCYL,BOTOL,8,6940,IDR
IN6180,"2013-04-22",CUST55614,KLINIK GM,TA,CAB02,Jakarta,Z31,Klinik,BRG0005,KLORPROMAZINA TABLET SALUT SELAPUT 100 MG,BRND005,"203",SLCYL,TABLET,98,5648,IDR
IN6181,"2007-02-22",CUST55549,KLINIK SAHABAT,TD,CAB08,Tangerang,Z31,Klinik,BRG0010,PARACETAMOL,BRND010,"208",SLCYL,BOTOL,130,6940,IDR
IN6182,"2007-03-22",CUST55577,KLINIK GM,TA,CAB06,Jakarta,Z31,Klinik,BRG0008,TETRACYCLINE KAPSUL 250 MG,BRND008,"204",MARCKS,KAPSUL,13,3992,IDR
IN6183,"2023-01-22",CUST55498,APOTEK SAHABAT,TD,CAB02,Padang,Z32,Apotek,BRG0003,AMPICILLIN,BRND009,"210",VNS,BOTOL,25,5781,IDR
IN6184,"2028-01-22",CUST55395,APOTEK TAPAK,TA,CAB04,Aceh,Z32,Apotek,BRG0006,KETOCONAZOLE TABLET 200 MG,BRND006,"205",OGB & PH,TABLET,25,2819,IDR
IN6185,"2001-02-22",CUST55483,APOTEK SAHABAT,TA,CAB02,Padang,Z32,Apotek,BRG0004,TRAMADOL KAPSUL 50 MG,BRND004,"201",VNS,KAPSUL,9,8701,IDR
IN6186,"2031-01-22",CUST55500,APOTEK TAPAK,TA,CAB04,Aceh,Z32,Apotek,BRG0001,ACYCLOVIR DUS,BRND001,"206",OGB & PH,DUS,18,1170,IDR
IN6187,"2005-04-22",CUST55606,APOTEK MAJA,TD,CAB05,Kuningan,Z32,Apotek,BRG0007,ERGOTAMINE COFFEINE,BRND007,"206",ETIKAL,BOTOL,25,4592,IDR
IN6188,"2027-01-22",CUST55454,KLINIK DR. ANDRI,TD,CAB03,Lampung,Z31,Klinik,BRG0005,KLORPROMAZINA TABLET SALUT SELAPUT 100 MG,BRND005,"203",SLCYL,TABLET,10,5648,IDR
IN6189,"2004-03-22",CUST55574,KLINIK DR. ANDRI,TA,CAB03,Lampung,Z31,Klinik,BRG0005,KLORPROMAZINA TABLET SALUT SELAPUT 100 MG,BRND005,"203",SLCYL,TABLET,1,5648,IDR
IN6190,"2023-01-22",CUST55390,APOTEK MERDEKA,TD,CAB10,Bandung,Z32,Apotek,BRG0001,ACYCLOVIR DUS,BRND001,"206",OGB & PH,DUS,2,1170,IDR
IN6191,"2031-01-22",CUST55422,APOTEK SINAR JAYA,TA,CAB01,Bekasi,Z32,Apotek,BRG0003,AMPICILLIN,BRND003,"210",MARCKS,BOTOL,4,10691,IDR
IN6192,"2014-05-22",CUST55645,APOTEK MERDEKA,TA,CAB03,Bandung,Z32,Apotek,BRG0006,KETOCONAZOLE TABLET 200 MG,BRND006,"205",OGB & PH,TABLET,10,2819,IDR
IN6193,"2018-03-22",CUST55588,APOTEK SAHABAT,EPM,CAB02,Padang,Z32,Apotek,BRG0003,AMPICILLIN,BRND009,"210",VNS,BOTOL,12,5781,IDR
IN6194,"2018-04-22",CUST55658,APOTEK MAJA,TA,CAB01,Kuningan,Z32,Apotek,BRG0009,AMBROXOL HC,BRND009,"207",VNS,BOTOL,25,5781,IDR
IN6195,"2031-01-22",CUST55398,APOTEK MERDEKA,TA,CAB07,Bandung,Z32,Apotek,BRG0009,AMBROXOL HC,BRND009,"207",VNS,BOTOL,67,5781,IDR
IN6196,"2031-01-22",CUST55530,APOTEK TAPAK,TA,CAB04,Aceh,Z32,Apotek,BRG0001,ACYCLOVIR DUS,BRND001,"206",OGB & PH,DUS,45,1170,IDR
IN6197,"2029-04-22",CUST55630,APOTEK MERDEKA,TD,CAB03,Bandung,Z32,Apotek,BRG0001,ACYCLOVIR DUS,BRND001,"206",OGB & PH,DUS,34,1170,IDR
IN6198,"2004-06-22",CUST55680,APOTEK TAPAK,EPM,CAB04,Aceh,Z32,Apotek,BRG0001,ACYCLOVIR DUS,BRND001,"206",OGB & PH,DUS,4,1170,IDR
IN6199,"2028-01-22",CUST55509,KLINIK GM,TD,CAB02,Jakarta,Z31,Klinik,BRG0010,PARACETAMOL,BRND010,"208",SLCYL,BOTOL,25,6940,IDR
IN6200,"2028-01-22",CUST55473,APOTEK MERDEKA,TA,CAB07,Bandung,Z32,Apotek,BRG0004,TRAMADOL KAPSUL 50 MG,BRND004,"201",VNS,KAPSUL,5,8701,IDR
IN6201,"2023-05-22",CUST55668,APOTEK MERDEKA,TA,CAB07,Bandung,Z32,Apotek,BRG0009,AMBROXOL HC,BRND009,"207",VNS,BOTOL,4,5781,IDR
IN6202,"2023-01-22",CUST55528,APOTEK SAHABAT,EPM,CAB02,Padang,Z32,Apotek,BRG0003,AMPICILLIN,BRND009,"210",VNS,BOTOL,34,5781,IDR
IN6203,"2031-01-22",CUST55524,KLINIK GM,EPM,CAB02,Jakarta,Z31,Klinik,BRG0005,KLORPROMAZINA TABLET SALUT SELAPUT 100 MG,BRND005,"203",SLCYL,TABLET,100,5648,IDR
IN6204,"2016-06-22",CUST55727,KLINIK GM,EPM,CAB06,Jakarta,Z31,Klinik,BRG0008,TETRACYCLINE KAPSUL 250 MG,BRND008,"204",MARCKS,KAPSUL,34,3992,IDR
IN6205,"2027-01-22",CUST55520,APOTEK SINAR JAYA,TA,CAB09,Bekasi,Z32,Apotek,BRG0001,ACYCLOVIR DUS,BRND001,"206",OGB & PH,DUS,8,1170,IDR
IN6206,"2012-03-22",CUST55582,APOTEK TAPAK,EPM,CAB01,Aceh,Z32,Apotek,BRG0003,AMPICILLIN,BRND003,"210",MARCKS,BOTOL,23,10691,IDR
IN6207,"2004-04-22",CUST55605,APOTEK TAPAK,EPM,CAB04,Aceh,Z32,Apotek,BRG0006,KETOCONAZOLE TABLET 200 MG,BRND006,"205",OGB & PH,TABLET,12,2819,IDR
IN6208,"2030-01-22",CUST55475,APOTEK SINAR JAYA,TD,CAB09,Bekasi,Z32,Apotek,BRG0006,KETOCONAZOLE TABLET 200 MG,BRND006,"205",OGB & PH,TABLET,8,2819,IDR
IN6209,"2016-03-22",CUST55586,KLINIK SAHABAT,TD,CAB01,Tangerang,Z31,Klinik,BRG0001,ACYCLOVIR DUS,BRND007,"206",ETIKAL,DUS,11,4592,IDR
IN6210,"2023-01-22",CUST55486,APOTEK MAJA,TA,CAB05,Kuningan,Z32,Apotek,BRG0007,ERGOTAMINE COFFEINE,BRND007,"206",ETIKAL,BOTOL,4,4592,IDR
IN6211,"2001-02-22",CUST55501,APOTEK MAJA,EPM,CAB05,Kuningan,Z32,Apotek,BRG0002,ALERGINE TABLET SALUT,BRND002,"203",ETIKAL,DUS,18,2338,IDR
IN6212,"2005-06-22",CUST55681,APOTEK MAJA,TD,CAB05,Kuningan,Z32,Apotek,BRG0002,ALERGINE TABLET SALUT,BRND002,"203",ETIKAL,DUS,2,2338,IDR
IN6213,"2003-05-22",CUST55701,APOTEK SAHABAT,TD,CAB10,Padang,Z32,Apotek,BRG0002,ALERGINE TABLET SALUT,BRND002,"203",ETIKAL,DUS,22,2338,IDR
IN6214,"2028-01-22",CUST55461,APOTEK SAHABAT,TD,CAB10,Padang,Z32,Apotek,BRG0002,ALERGINE TABLET SALUT,BRND002,"203",ETIKAL,DUS,21,2338,IDR
IN6215,"2023-01-22",CUST55510,APOTEK MERDEKA,TA,CAB03,Bandung,Z32,Apotek,BRG0001,ACYCLOVIR DUS,BRND001,"206",OGB & PH,DUS,14,1170,IDR
IN6216,"2023-01-22",CUST55456,APOTEK MAJA,TA,CAB05,Kuningan,Z32,Apotek,BRG0007,ERGOTAMINE COFFEINE,BRND007,"206",ETIKAL,BOTOL,98,4592,IDR
IN6217,"2023-01-22",CUST55438,APOTEK SAHABAT,TD,CAB02,Padang,Z32,Apotek,BRG0003,AMPICILLIN,BRND009,"210",VNS,BOTOL,5,5781,IDR
IN6218,"2017-04-22",CUST55639,KLINIK SAHABAT,EPM,CAB08,Tangerang,Z31,Klinik,BRG0010,PARACETAMOL,BRND010,"208",SLCYL,BOTOL,21,6940,IDR
IN6219,"2027-01-22",CUST55436,KLINIK SAHABAT,TA,CAB01,Tangerang,Z31,Klinik,BRG0001,ACYCLOVIR DUS,BRND007,"206",ETIKAL,DUS,34,4592,IDR
IN6220,"2023-01-22",CUST55444,KLINIK SAHABAT,TD,CAB08,Tangerang,Z31,Klinik,BRG0005,KLORPROMAZINA TABLET SALUT SELAPUT 100 MG,BRND005,"203",SLCYL,TABLET,48,5648,IDR
IN6221,"2023-01-22",CUST55504,KLINIK SAHABAT,EPM,CAB08,Tangerang,Z31,Klinik,BRG0005,KLORPROMAZINA TABLET SALUT SELAPUT 100 MG,BRND005,"203",SLCYL,TABLET,25,5648,IDR
IN6222,"2002-06-22",CUST55678,APOTEK SAHABAT,TD,CAB02,Padang,Z32,Apotek,BRG0003,AMPICILLIN,BRND009,"210",VNS,BOTOL,1,5781,IDR
IN6223,"2002-05-22",CUST55633,APOTEK SAHABAT,TD,CAB02,Padang,Z32,Apotek,BRG0004,TRAMADOL KAPSUL 50 MG,BRND004,"201",VNS,KAPSUL,6,8701,IDR
IN6224,"2017-02-22",CUST55559,KLINIK DR. ANDRI,TD,CAB03,Lampung,Z31,Klinik,BRG0004,TRAMADOL KAPSUL 50 MG,BRND010,"201",SLCYL,KAPSUL,22,6940,IDR
IN6225,"2030-04-22",CUST55631,KLINIK SAHABAT,TA,CAB01,Tangerang,Z31,Klinik,BRG0002,ALERGINE TABLET SALUT,BRND002,"203",ETIKAL,DUS,44,2338,IDR
IN6226,"2031-01-22",CUST55416,APOTEK SAHABAT,EPM,CAB10,Padang,Z32,Apotek,BRG0007,ERGOTAMINE COFFEINE,BRND007,"206",ETIKAL,BOTOL,23,4592,IDR
IN6227,"2010-04-22",CUST55611,APOTEK SAHABAT,TA,CAB10,Padang,Z32,Apotek,BRG0002,ALERGINE TABLET SALUT,BRND002,"203",ETIKAL,DUS,12,2338,IDR
IN6228,"2027-01-22",CUST55508,APOTEK MAJA,TD,CAB01,Kuningan,Z32,Apotek,BRG0009,AMBROXOL HC,BRND009,"207",VNS,BOTOL,12,5781,IDR
IN6229,"2005-03-22",CUST55575,APOTEK TAPAK,EPM,CAB04,Aceh,Z32,Apotek,BRG0006,KETOCONAZOLE TABLET 200 MG,BRND006,"205",OGB & PH,TABLET,5,2819,IDR
IN6230,"2028-01-22",CUST55413,APOTEK MERDEKA,EPM,CAB07,Bandung,Z32,Apotek,BRG0004,TRAMADOL KAPSUL 50 MG,BRND004,"201",VNS,KAPSUL,14,8701,IDR
IN6231,"2021-02-22",CUST55563,APOTEK MERDEKA,TD,CAB07,Bandung,Z32,Apotek,BRG0004,TRAMADOL KAPSUL 50 MG,BRND004,"201",VNS,KAPSUL,24,8701,IDR
IN6232,"2008-04-22",CUST55609,KLINIK SAHABAT,EPM,CAB08,Tangerang,Z31,Klinik,BRG0010,PARACETAMOL,BRND010,"208",SLCYL,BOTOL,10,6940,IDR
IN6233,"2023-01-22",CUST55450,APOTEK MERDEKA,EPM,CAB03,Bandung,Z32,Apotek,BRG0001,ACYCLOVIR DUS,BRND001,"206",OGB & PH,DUS,24,1170,IDR
IN6234,"2010-02-22",CUST55552,APOTEK TAPAK,TD,CAB01,Aceh,Z32,Apotek,BRG0003,AMPICILLIN,BRND003,"210",MARCKS,BOTOL,67,10691,IDR
IN6235,"2030-01-22",CUST55451,KLINIK SAHABAT,TD,CAB01,Tangerang,Z31,Klinik,BRG0002,ALERGINE TABLET SALUT,BRND002,"203",ETIKAL,DUS,10,2338,IDR
IN6236,"2008-06-22",CUST55684,KLINIK SAHABAT,TD,CAB08,Tangerang,Z31,Klinik,BRG0005,KLORPROMAZINA TABLET SALUT SELAPUT 100 MG,BRND005,"203",SLCYL,TABLET,12,5648,IDR
IN6237,"2018-04-22",CUST55619,KLINIK DR. ANDRI,EPM,CAB03,Lampung,Z31,Klinik,BRG0004,TRAMADOL KAPSUL 50 MG,BRND010,"201",SLCYL,KAPSUL,10,6940,IDR
IN6238,"2027-01-22",CUST55460,APOTEK SINAR JAYA,EPM,CAB09,Bekasi,Z32,Apotek,BRG0001,ACYCLOVIR DUS,BRND001,"206",OGB & PH,DUS,9,1170,IDR
IN6239,"2002-03-22",CUST55572,APOTEK SINAR JAYA,EPM,CAB01,Bekasi,Z32,Apotek,BRG0003,AMPICILLIN,BRND003,"210",MARCKS,BOTOL,8,10691,IDR
IN6240,"2030-01-22",CUST55541,KLINIK SAHABAT,EPM,CAB01,Tangerang,Z31,Klinik,BRG0002,ALERGINE TABLET SALUT,BRND002,"203",ETIKAL,DUS,48,2338,IDR
IN6241,"2031-01-22",CUST55440,APOTEK TAPAK,EPM,CAB04,Aceh,Z32,Apotek,BRG0001,ACYCLOVIR DUS,BRND001,"206",OGB & PH,DUS,79,1170,IDR
IN6242,"2023-01-22",CUST55534,KLINIK SAHABAT,EPM,CAB08,Tangerang,Z31,Klinik,BRG0005,KLORPROMAZINA TABLET SALUT SELAPUT 100 MG,BRND005,"203",SLCYL,TABLET,44,5648,IDR
IN6243,"2001-02-22",CUST55525,APOTEK MERDEKA,TD,CAB03,Bandung,Z32,Apotek,BRG0006,KETOCONAZOLE TABLET 200 MG,BRND006,"205",OGB & PH,TABLET,67,2819,IDR
IN6244,"2031-01-22",CUST55542,APOTEK SINAR JAYA,TD,CAB01,Bekasi,Z32,Apotek,BRG0003,AMPICILLIN,BRND003,"210",MARCKS,BOTOL,21,10691,IDR
IN6245,"2030-01-22",CUST55397,KLINIK GM,TD,CAB06,Jakarta,Z31,Klinik,BRG0008,TETRACYCLINE KAPSUL 250 MG,BRND008,"204",MARCKS,KAPSUL,34,3992,IDR
IN6246,"2028-01-22",CUST55533,APOTEK MERDEKA,TA,CAB07,Bandung,Z32,Apotek,BRG0004,TRAMADOL KAPSUL 50 MG,BRND004,"201",VNS,KAPSUL,34,8701,IDR
IN6247,"2028-01-22",CUST55425,APOTEK TAPAK,TA,CAB04,Aceh,Z32,Apotek,BRG0006,KETOCONAZOLE TABLET 200 MG,BRND006,"205",OGB & PH,TABLET,10,2819,IDR
IN6248,"2030-01-22",CUST55427,KLINIK GM,TD,CAB06,Jakarta,Z31,Klinik,BRG0008,TETRACYCLINE KAPSUL 250 MG,BRND008,"204",MARCKS,KAPSUL,100,3992,IDR
IN6249,"2030-04-22",CUST55703,APOTEK MAJA,EPM,CAB01,Kuningan,Z32,Apotek,BRG0004,TRAMADOL KAPSUL 50 MG,BRND004,"201",VNS,KAPSUL,25,8701,IDR
IN6250,"2017-03-22",CUST55587,APOTEK SINAR JAYA,TA,CAB01,Bekasi,Z32,Apotek,BRG0002,ALERGINE TABLET SALUT,BRND008,"203",MARCKS,DUS,12,3992,IDR
IN6251,"2023-01-22",CUST55387,APOTEK TAPAK,TD,CAB07,Aceh,Z32,Apotek,BRG0008,TETRACYCLINE KAPSUL 250 MG,BRND008,"204",MARCKS,KAPSUL,1,3992,IDR
IN6252,"2018-05-22",CUST55649,KLINIK DR. ANDRI,EPM,CAB03,Lampung,Z31,Klinik,BRG0004,TRAMADOL KAPSUL 50 MG,BRND010,"201",SLCYL,KAPSUL,67,6940,IDR
IN6253,"2028-01-22",CUST55431,APOTEK SAHABAT,TD,CAB10,Padang,Z32,Apotek,BRG0002,ALERGINE TABLET SALUT,BRND002,"203",ETIKAL,DUS,34,2338,IDR
IN6254,"2002-02-22",CUST55544,KLINIK DR. ANDRI,TA,CAB03,Lampung,Z31,Klinik,BRG0005,KLORPROMAZINA TABLET SALUT SELAPUT 100 MG,BRND005,"203",SLCYL,TABLET,12,5648,IDR
IN6255,"2031-01-22",CUST55446,APOTEK SAHABAT,TA,CAB10,Padang,Z32,Apotek,BRG0007,ERGOTAMINE COFFEINE,BRND007,"206",ETIKAL,BOTOL,22,4592,IDR
IN6256,"2030-01-22",CUST55463,APOTEK MAJA,TA,CAB01,Kuningan,Z32,Apotek,BRG0004,TRAMADOL KAPSUL 50 MG,BRND004,"201",VNS,KAPSUL,12,8701,IDR
IN6257,"2014-04-22",CUST55615,APOTEK MERDEKA,EPM,CAB03,Bandung,Z32,Apotek,BRG0006,KETOCONAZOLE TABLET 200 MG,BRND006,"205",OGB & PH,TABLET,5,2819,IDR
IN6258,"2027-01-22",CUST55484,KLINIK DR. ANDRI,EPM,CAB03,Lampung,Z31,Klinik,BRG0005,KLORPROMAZINA TABLET SALUT SELAPUT 100 MG,BRND005,"203",SLCYL,TABLET,1,5648,IDR
IN6259,"2001-02-22",CUST55405,APOTEK MERDEKA,TA,CAB03,Bandung,Z32,Apotek,BRG0006,KETOCONAZOLE TABLET 200 MG,BRND006,"205",OGB & PH,TABLET,19,2819,IDR
IN6260,"2022-02-22",CUST55564,KLINIK SAHABAT,TA,CAB08,Tangerang,Z31,Klinik,BRG0005,KLORPROMAZINA TABLET SALUT SELAPUT 100 MG,BRND005,"203",SLCYL,TABLET,10,5648,IDR
IN6261,"2005-02-22",CUST55547,KLINIK GM,TA,CAB06,Jakarta,Z31,Klinik,BRG0008,TETRACYCLINE KAPSUL 250 MG,BRND008,"204",MARCKS,KAPSUL,24,3992,IDR
IN6262,"2028-01-22",CUST55419,KLINIK GM,TA,CAB02,Jakarta,Z31,Klinik,BRG0010,PARACETAMOL,BRND010,"208",SLCYL,BOTOL,67,6940,IDR
IN6263,"2031-01-22",CUST55452,APOTEK SINAR JAYA,TA,CAB01,Bekasi,Z32,Apotek,BRG0003,AMPICILLIN,BRND003,"210",MARCKS,BOTOL,130,10691,IDR
IN6264,"2014-06-22",CUST55690,APOTEK MERDEKA,EPM,CAB03,Bandung,Z32,Apotek,BRG0001,ACYCLOVIR DUS,BRND001,"206",OGB & PH,DUS,15,1170,IDR
IN6265,"2030-04-22",CUST55698,APOTEK MERDEKA,TD,CAB07,Bandung,Z32,Apotek,BRG0009,AMBROXOL HC,BRND009,"207",VNS,BOTOL,25,5781,IDR
IN6266,"2001-02-22",CUST55531,APOTEK MAJA,EPM,CAB05,Kuningan,Z32,Apotek,BRG0002,ALERGINE TABLET SALUT,BRND002,"203",ETIKAL,DUS,34,2338,IDR
IN6267,"2001-02-22",CUST55459,KLINIK SAHABAT,TA,CAB08,Tangerang,Z31,Klinik,BRG0010,PARACETAMOL,BRND010,"208",SLCYL,BOTOL,8,6940,IDR
IN6268,"2016-06-22",CUST55692,APOTEK SINAR JAYA,TA,CAB01,Bekasi,Z32,Apotek,BRG0003,AMPICILLIN,BRND003,"210",MARCKS,BOTOL,25,10691,IDR
IN6269,"2001-02-22",CUST55453,APOTEK SAHABAT,EPM,CAB02,Padang,Z32,Apotek,BRG0004,TRAMADOL KAPSUL 50 MG,BRND004,"201",VNS,KAPSUL,12,8701,IDR
IN6270,"2003-05-22",CUST55696,APOTEK MAJA,EPM,CAB05,Kuningan,Z32,Apotek,BRG0007,ERGOTAMINE COFFEINE,BRND007,"206",ETIKAL,BOTOL,19,4592,IDR
IN6271,"2003-04-22",CUST55604,KLINIK DR. ANDRI,TA,CAB03,Lampung,Z31,Klinik,BRG0005,KLORPROMAZINA TABLET SALUT SELAPUT 100 MG,BRND005,"203",SLCYL,TABLET,22,5648,IDR
IN6272,"2019-05-22",CUST55650,APOTEK TAPAK,TD,CAB04,Aceh,Z32,Apotek,BRG0001,ACYCLOVIR DUS,BRND001,"206",OGB & PH,DUS,98,1170,IDR
IN6273,"2003-05-22",CUST55634,KLINIK DR. ANDRI,TD,CAB03,Lampung,Z31,Klinik,BRG0005,KLORPROMAZINA TABLET SALUT SELAPUT 100 MG,BRND005,"203",SLCYL,TABLET,79,5648,IDR
IN6274,"2001-02-22",CUST55423,APOTEK SAHABAT,EPM,CAB02,Padang,Z32,Apotek,BRG0004,TRAMADOL KAPSUL 50 MG,BRND004,"201",VNS,KAPSUL,8,8701,IDR
IN6275,"2026-02-22",CUST55568,APOTEK MAJA,EPM,CAB01,Kuningan,Z32,Apotek,BRG0009,AMBROXOL HC,BRND009,"207",VNS,BOTOL,67,5781,IDR
IN6276,"2030-01-22",CUST55481,KLINIK SAHABAT,TD,CAB01,Tangerang,Z31,Klinik,BRG0002,ALERGINE TABLET SALUT,BRND002,"203",ETIKAL,DUS,1,2338,IDR
IN6277,"2028-04-22",CUST55629,KLINIK GM,EPM,CAB02,Jakarta,Z31,Klinik,BRG0010,PARACETAMOL,BRND010,"208",SLCYL,BOTOL,34,6940,IDR
IN6278,"2030-01-22",CUST55499,KLINIK DR. ANDRI,TD,CAB03,Lampung,Z31,Klinik,BRG0004,TRAMADOL KAPSUL 50 MG,BRND010,"201",SLCYL,KAPSUL,14,6940,IDR
IN6279,"2030-01-22",CUST55529,KLINIK DR. ANDRI,TD,CAB03,Lampung,Z31,Klinik,BRG0004,TRAMADOL KAPSUL 50 MG,BRND010,"201",SLCYL,KAPSUL,20,6940,IDR
IN6280,"2023-01-22",CUST55384,KLINIK SAHABAT,TD,CAB04,Tangerang,Z31,Klinik,BRG0005,KLORPROMAZINA TABLET SALUT SELAPUT 100 MG,BRND005,"203",SLCYL,TABLET,1,5648,IDR
IN6281,"2030-01-22",CUST55415,APOTEK SINAR JAYA,TA,CAB09,Bekasi,Z32,Apotek,BRG0006,KETOCONAZOLE TABLET 200 MG,BRND006,"205",OGB & PH,TABLET,10,2819,IDR
IN6282,"2028-05-22",CUST55673,APOTEK MAJA,EPM,CAB01,Kuningan,Z32,Apotek,BRG0004,TRAMADOL KAPSUL 50 MG,BRND004,"201",VNS,KAPSUL,9,8701,IDR
IN6283,"2019-05-22",CUST55664,KLINIK DR. ANDRI,TD,CAB03,Lampung,Z31,Klinik,BRG0005,KLORPROMAZINA TABLET SALUT SELAPUT 100 MG,BRND005,"203",SLCYL,TABLET,10,5648,IDR
IN6284,"2023-01-22",CUST55540,APOTEK MERDEKA,TA,CAB03,Bandung,Z32,Apotek,BRG0001,ACYCLOVIR DUS,BRND001,"206",OGB & PH,DUS,76,1170,IDR
IN6285,"2015-05-22",CUST55646,KLINIK SAHABAT,EPM,CAB01,Tangerang,Z31,Klinik,BRG0001,ACYCLOVIR DUS,BRND007,"206",ETIKAL,DUS,130,4592,IDR
IN6286,"2023-01-22",CUST55468,APOTEK SAHABAT,TD,CAB02,Padang,Z32,Apotek,BRG0003,AMPICILLIN,BRND009,"210",VNS,BOTOL,120,5781,IDR
IN6287,"2030-01-22",CUST55391,KLINIK SAHABAT,TD,CAB01,Tangerang,Z31,Klinik,BRG0002,ALERGINE TABLET SALUT,BRND002,"203",ETIKAL,DUS,17,2338,IDR
IN6288,"2006-06-22",CUST55682,KLINIK GM,TA,CAB06,Jakarta,Z31,Klinik,BRG0003,AMPICILLIN,BRND003,"210",MARCKS,BOTOL,17,10691,IDR
IN6289,"2023-01-22",CUST55492,APOTEK TAPAK,TD,CAB01,Aceh,Z32,Apotek,BRG0003,AMPICILLIN,BRND003,"210",MARCKS,BOTOL,25,10691,IDR
IN6290,"2022-03-22",CUST55592,KLINIK GM,EPM,CAB06,Jakarta,Z31,Klinik,BRG0003,AMPICILLIN,BRND003,"210",MARCKS,BOTOL,67,10691,IDR
IN6291,"2001-02-22",CUST55489,KLINIK SAHABAT,TD,CAB08,Tangerang,Z31,Klinik,BRG0010,PARACETAMOL,BRND010,"208",SLCYL,BOTOL,11,6940,IDR
IN6292,"2028-01-22",CUST55467,APOTEK SINAR JAYA,EPM,CAB01,Bekasi,Z32,Apotek,BRG0002,ALERGINE TABLET SALUT,BRND008,"203",MARCKS,DUS,10,3992,IDR
IN6293,"2001-02-22",CUST55519,KLINIK SAHABAT,TD,CAB08,Tangerang,Z31,Klinik,BRG0010,PARACETAMOL,BRND010,"208",SLCYL,BOTOL,4,6940,IDR
IN6294,"2003-05-22",CUST55711,APOTEK MAJA,TD,CAB05,Kuningan,Z32,Apotek,BRG0002,ALERGINE TABLET SALUT,BRND002,"203",ETIKAL,DUS,98,2338,IDR
IN6295,"2022-05-22",CUST55653,APOTEK MERDEKA,EPM,CAB07,Bandung,Z32,Apotek,BRG0004,TRAMADOL KAPSUL 50 MG,BRND004,"201",VNS,KAPSUL,8,8701,IDR
IN6296,"2009-06-22",CUST55685,APOTEK SINAR JAYA,TA,CAB09,Bekasi,Z32,Apotek,BRG0006,KETOCONAZOLE TABLET 200 MG,BRND006,"205",OGB & PH,TABLET,12,2819,IDR
IN6297,"2020-01-22",CUST55381,APOTEK MAJA,TD,CAB01,Kuningan,Z32,Apotek,BRG0002,ALERGINE TABLET SALUT,BRND002,"203",ETIKAL,DUS,5,2338,IDR
IN6298,"2021-05-22",CUST55652,KLINIK GM,TA,CAB06,Jakarta,Z31,Klinik,BRG0003,AMPICILLIN,BRND003,"210",MARCKS,BOTOL,4,10691,IDR
IN6299,"2027-01-22",CUST55514,KLINIK DR. ANDRI,EPM,CAB03,Lampung,Z31,Klinik,BRG0005,KLORPROMAZINA TABLET SALUT SELAPUT 100 MG,BRND005,"203",SLCYL,TABLET,12,5648,IDR
IN6300,"2001-02-22",CUST55507,APOTEK TAPAK,EPM,CAB01,Aceh,Z32,Apotek,BRG0008,TETRACYCLINE KAPSUL 250 MG,BRND008,"204",MARCKS,KAPSUL,22,3992,IDR
IN6301,"2001-02-22",CUST55393,APOTEK SAHABAT,EPM,CAB02,Padang,Z32,Apotek,BRG0004,TRAMADOL KAPSUL 50 MG,BRND004,"201",VNS,KAPSUL,12,8701,IDR
IN6302,"2023-02-22",CUST55565,APOTEK SINAR JAYA,EPM,CAB09,Bekasi,Z32,Apotek,BRG0006,KETOCONAZOLE TABLET 200 MG,BRND006,"205",OGB & PH,TABLET,120,2819,IDR
IN6303,"2028-01-22",CUST55539,KLINIK GM,TD,CAB02,Jakarta,Z31,Klinik,BRG0010,PARACETAMOL,BRND010,"208",SLCYL,BOTOL,95,6940,IDR
IN6304,"2030-04-22",CUST55728,APOTEK MERDEKA,TD,CAB07,Bandung,Z32,Apotek,BRG0009,AMBROXOL HC,BRND009,"207",VNS,BOTOL,44,5781,IDR
IN6305,"2030-01-22",CUST55493,APOTEK MAJA,TA,CAB01,Kuningan,Z32,Apotek,BRG0004,TRAMADOL KAPSUL 50 MG,BRND004,"201",VNS,KAPSUL,14,8701,IDR
IN6306,"2027-01-22",CUST55430,APOTEK SINAR JAYA,EPM,CAB09,Bekasi,Z32,Apotek,BRG0001,ACYCLOVIR DUS,BRND001,"206",OGB & PH,DUS,45,1170,IDR
IN6307,"2023-01-22",CUST55396,APOTEK MAJA,EPM,CAB05,Kuningan,Z32,Apotek,BRG0007,ERGOTAMINE COFFEINE,BRND007,"206",ETIKAL,BOTOL,14,4592,IDR
IN6308,"2023-01-22",CUST55516,APOTEK MAJA,TD,CAB05,Kuningan,Z32,Apotek,BRG0007,ERGOTAMINE COFFEINE,BRND007,"206",ETIKAL,BOTOL,67,4592,IDR
IN6309,"2026-04-22",CUST55627,APOTEK TAPAK,TD,CAB01,Aceh,Z32,Apotek,BRG0008,TETRACYCLINE KAPSUL 250 MG,BRND008,"204",MARCKS,KAPSUL,45,3992,IDR
IN6310,"2030-04-22",CUST55693,APOTEK SAHABAT,EPM,CAB02,Padang,Z32,Apotek,BRG0004,TRAMADOL KAPSUL 50 MG,BRND004,"201",VNS,KAPSUL,14,8701,IDR
IN6311,"2023-01-22",CUST55426,APOTEK MAJA,EPM,CAB05,Kuningan,Z32,Apotek,BRG0007,ERGOTAMINE COFFEINE,BRND007,"206",ETIKAL,BOTOL,7,4592,IDR
IN6312,"2002-05-22",CUST55725,APOTEK TAPAK,TD,CAB04,Aceh,Z32,Apotek,BRG0006,KETOCONAZOLE TABLET 200 MG,BRND006,"205",OGB & PH,TABLET,34,2819,IDR
IN6313,"2020-04-22",CUST55660,APOTEK MERDEKA,TD,CAB03,Bandung,Z32,Apotek,BRG0001,ACYCLOVIR DUS,BRND001,"206",OGB & PH,DUS,24,1170,IDR
IN6314,"2028-01-22",CUST55527,APOTEK SINAR JAYA,TA,CAB01,Bekasi,Z32,Apotek,BRG0002,ALERGINE TABLET SALUT,BRND008,"203",MARCKS,DUS,45,3992,IDR
IN6315,"2021-04-22",CUST55643,APOTEK MAJA,TD,CAB01,Kuningan,Z32,Apotek,BRG0004,TRAMADOL KAPSUL 50 MG,BRND004,"201",VNS,KAPSUL,14,8701,IDR
IN6316,"2019-04-22",CUST55662,APOTEK SINAR JAYA,TA,CAB01,Bekasi,Z32,Apotek,BRG0003,AMPICILLIN,BRND003,"210",MARCKS,BOTOL,120,10691,IDR
IN6317,"2023-01-22",CUST55522,APOTEK TAPAK,TD,CAB01,Aceh,Z32,Apotek,BRG0003,AMPICILLIN,BRND003,"210",MARCKS,BOTOL,10,10691,IDR
IN6318,"2023-01-22",CUST55462,APOTEK TAPAK,TD,CAB01,Aceh,Z32,Apotek,BRG0003,AMPICILLIN,BRND003,"210",MARCKS,BOTOL,22,10691,IDR
IN6319,"2011-02-22",CUST55553,APOTEK MAJA,TD,CAB01,Kuningan,Z32,Apotek,BRG0004,TRAMADOL KAPSUL 50 MG,BRND004,"201",VNS,KAPSUL,98,8701,IDR
IN6320,"2001-02-22",CUST55495,APOTEK MERDEKA,TD,CAB03,Bandung,Z32,Apotek,BRG0006,KETOCONAZOLE TABLET 200 MG,BRND006,"205",OGB & PH,TABLET,67,2819,IDR
IN6321,"2031-01-22",CUST55410,APOTEK TAPAK,EPM,CAB04,Aceh,Z32,Apotek,BRG0001,ACYCLOVIR DUS,BRND001,"206",OGB & PH,DUS,22,1170,IDR
IN6322,"2031-01-22",CUST55488,APOTEK MERDEKA,TD,CAB07,Bandung,Z32,Apotek,BRG0009,AMBROXOL HC,BRND009,"207",VNS,BOTOL,17,5781,IDR
IN6323,"2030-01-22",CUST55439,KLINIK DR. ANDRI,TA,CAB03,Lampung,Z31,Klinik,BRG0004,TRAMADOL KAPSUL 50 MG,BRND010,"201",SLCYL,KAPSUL,6,6940,IDR
IN6324,"2010-06-22",CUST55686,APOTEK SAHABAT,EPM,CAB10,Padang,Z32,Apotek,BRG0007,ERGOTAMINE COFFEINE,BRND007,"206",ETIKAL,BOTOL,25,4592,IDR
IN6325,"2028-01-22",CUST55521,APOTEK SAHABAT,EPM,CAB10,Padang,Z32,Apotek,BRG0002,ALERGINE TABLET SALUT,BRND002,"203",ETIKAL,DUS,9,2338,IDR
IN6326,"2031-01-22",CUST55458,APOTEK MERDEKA,TD,CAB07,Bandung,Z32,Apotek,BRG0009,AMBROXOL HC,BRND009,"207",VNS,BOTOL,4,5781,IDR
IN6327,"2027-01-22",CUST55448,APOTEK MAJA,TD,CAB01,Kuningan,Z32,Apotek,BRG0009,AMBROXOL HC,BRND009,"207",VNS,BOTOL,25,5781,IDR
